<?xml version="1.0" encoding="UTF-8"?>
<project-private xmlns="http://www.netbeans.org/ns/project-private/1">
    <editor-bookmarks xmlns="http://www.netbeans.org/ns/editor-bookmarks/2" lastBookmarkId="0"/>
    <open-files xmlns="http://www.netbeans.org/ns/projectui-open-files/2">
        <group>
            <file>file:/D/Sem4/STUDY/Java/Labs/Lab12/JavaLab12/src/java/service/CandidateService.java</file>
            <file>file:/D/Sem4/STUDY/Java/Labs/Lab12/JavaLab12/src/java/dao/Candidatedao.java</file>
            <file>file:/D/Sem4/STUDY/Java/Labs/Lab12/JavaLab12/web/home.jsp</file>
            <file>file:/D/Sem4/STUDY/Java/Labs/Lab12/JavaLab12/web/RegisterForm.jsp</file>
            <file>file:/D/Sem4/STUDY/Java/Labs/Lab12/JavaLab12/src/java/model/Candidate.java</file>
            <file>file:/D/Sem4/STUDY/Java/Labs/Lab12/JavaLab12/src/java/application.properties</file>
            <file>file:/D/Sem4/STUDY/Java/Labs/Lab12/JavaLab12/web/WEB-INF/web.xml</file>
            <file>file:/D/Sem4/STUDY/Java/Labs/Lab12/JavaLab12/web/WEB-INF/dispatcher-servlet.xml</file>
            <file>file:/D/Sem4/STUDY/Java/Labs/Lab12/JavaLab12/src/java/dao/Candidatedaoimp.java</file>
            <file>file:/D/Sem4/STUDY/Java/Labs/Lab12/JavaLab12/src/java/controller/HomeController.java</file>
            <file>file:/D/Sem4/STUDY/Java/Labs/Lab12/JavaLab12/src/java/service/CandidateServiceimp.java</file>
        </group>
    </open-files>
</project-private>
